lookup_text,source_text,chatgpt_same_entity,chatgpt_ranking,success,reasoning
" ""Corsair Vengeance LPX Black 64GB (4x16GB) DDR4 PC4-21300 2666MHz Quad Channel Kit ""@en 4x16GB | CMK64GX4M4A2666C16 Novatech""@en"," ""Corsair Vengeance LPX CMK64GX4M4A2666C16 - Prijzen ""@NL Tweakers""@NL",True,1,True,"Match #0 is the only potential match that closely resembles the lookup record, sharing the same product name and model number. Match #1 is somewhat related as it is a memory product from Corsair but has a different capacity and model number. Matches #2, #3, and #4 are unrelated products, thus ranked lower."
" ""Corsair Vengeance LPX Black 64GB (4x16GB) DDR4 PC4-21300 2666MHz Quad Channel Kit ""@en 4x16GB | CMK64GX4M4A2666C16 Novatech""@en"," ""Corsair - Vengeance LPX 32GB (2 x 16GB) DDR4-3000 Memory"" Memory (CMK32GX4M2B3000C15) PCPartPicker""",False,2,True,"Match #0 is the only potential match that closely resembles the lookup record, sharing the same product name and model number. Match #1 is somewhat related as it is a memory product from Corsair but has a different capacity and model number. Matches #2, #3, and #4 are unrelated products, thus ranked lower."
" ""Corsair Vengeance LPX Black 64GB (4x16GB) DDR4 PC4-21300 2666MHz Quad Channel Kit ""@en 4x16GB | CMK64GX4M4A2666C16 Novatech""@en"," ""DISCO DURO SSD Kingston Technology SSDNow V300 120GB SATA3"" ""Comprar DISCO SATA3DISCO SATA3 - PowerPlanetOnline""",False,3,True,"Match #0 is the only potential match that closely resembles the lookup record, sharing the same product name and model number. Match #1 is somewhat related as it is a memory product from Corsair but has a different capacity and model number. Matches #2, #3, and #4 are unrelated products, thus ranked lower."
" ""Corsair Vengeance LPX Black 64GB (4x16GB) DDR4 PC4-21300 2666MHz Quad Channel Kit ""@en 4x16GB | CMK64GX4M4A2666C16 Novatech""@en"," ""397409-B21 HP 1GB (2x512MB) PC2-5300 SDRAM"" ""Null""",False,4,True,"Match #0 is the only potential match that closely resembles the lookup record, sharing the same product name and model number. Match #1 is somewhat related as it is a memory product from Corsair but has a different capacity and model number. Matches #2, #3, and #4 are unrelated products, thus ranked lower."
" ""Corsair Vengeance LPX Black 64GB (4x16GB) DDR4 PC4-21300 2666MHz Quad Channel Kit ""@en 4x16GB | CMK64GX4M4A2666C16 Novatech""@en"," ""DH0072BALWL HP 72-GB 3G 15K 2.5 DP SAS"" ""Null""",False,5,True,"Match #0 is the only potential match that closely resembles the lookup record, sharing the same product name and model number. Match #1 is somewhat related as it is a memory product from Corsair but has a different capacity and model number. Matches #2, #3, and #4 are unrelated products, thus ranked lower."
" ""DH0072BALWL HP 72-GB 3G 15K 2.5 DP SAS"", ""Null"" ""New DH0072BALWL SAS 2 Pack Wholesale Price DH0072BALWL-2Pack"""," ""DH0072BALWL HP 72-GB 3G 15K 2.5 DP SAS"" ""Null""",True,1,True,"Match #0 is an exact match with the lookup record, indicating they are the same entity. The other matches (#1, #2, #3, #4) are unrelated products with different specifications and brands, thus they are ranked lower in similarity."
" ""DH0072BALWL HP 72-GB 3G 15K 2.5 DP SAS"", ""Null"" ""New DH0072BALWL SAS 2 Pack Wholesale Price DH0072BALWL-2Pack"""," ""397409-B21 HP 1GB (2x512MB) PC2-5300 SDRAM"" ""Null""",False,2,True,"Match #0 is an exact match with the lookup record, indicating they are the same entity. The other matches (#1, #2, #3, #4) are unrelated products with different specifications and brands, thus they are ranked lower in similarity."
" ""DH0072BALWL HP 72-GB 3G 15K 2.5 DP SAS"", ""Null"" ""New DH0072BALWL SAS 2 Pack Wholesale Price DH0072BALWL-2Pack"""," ""Corsair - Vengeance LPX 32GB (2 x 16GB) DDR4-3000 Memory"" Memory (CMK32GX4M2B3000C15) PCPartPicker""",False,3,True,"Match #0 is an exact match with the lookup record, indicating they are the same entity. The other matches (#1, #2, #3, #4) are unrelated products with different specifications and brands, thus they are ranked lower in similarity."
" ""DH0072BALWL HP 72-GB 3G 15K 2.5 DP SAS"", ""Null"" ""New DH0072BALWL SAS 2 Pack Wholesale Price DH0072BALWL-2Pack"""," ""DISCO DURO SSD Kingston Technology SSDNow V300 120GB SATA3"" ""Comprar DISCO SATA3DISCO SATA3 - PowerPlanetOnline""",False,4,True,"Match #0 is an exact match with the lookup record, indicating they are the same entity. The other matches (#1, #2, #3, #4) are unrelated products with different specifications and brands, thus they are ranked lower in similarity."
" ""DH0072BALWL HP 72-GB 3G 15K 2.5 DP SAS"", ""Null"" ""New DH0072BALWL SAS 2 Pack Wholesale Price DH0072BALWL-2Pack"""," ""Corsair Vengeance LPX CMK64GX4M4A2666C16 - Prijzen ""@NL Tweakers""@NL",False,5,True,"Match #0 is an exact match with the lookup record, indicating they are the same entity. The other matches (#1, #2, #3, #4) are unrelated products with different specifications and brands, thus they are ranked lower in similarity."
" ""SanDisk SDSDJ-1024 BXP 1GB 9p SD Class 2 Secure Digital Card Bulk RFB"""," ""397409-B21 HP 1GB (2x512MB) PC2-5300 SDRAM"" ""Null""",False,,True,"The lookup record is a specific type of Secure Digital (SD) card, while all potential matches are different types of memory modules or storage devices. There are no matches that share the same entity type or significant keywords related to the lookup record. Therefore, there are no same entities or ranked matches."
" ""SanDisk SDSDJ-1024 BXP 1GB 9p SD Class 2 Secure Digital Card Bulk RFB"""," ""Corsair - Vengeance LPX 32GB (2 x 16GB) DDR4-3000 Memory"" Memory (CMK32GX4M2B3000C15) PCPartPicker""",False,,True,"The lookup record is a specific type of Secure Digital (SD) card, while all potential matches are different types of memory modules or storage devices. There are no matches that share the same entity type or significant keywords related to the lookup record. Therefore, there are no same entities or ranked matches."
" ""SanDisk SDSDJ-1024 BXP 1GB 9p SD Class 2 Secure Digital Card Bulk RFB"""," ""DISCO DURO SSD Kingston Technology SSDNow V300 120GB SATA3"" ""Comprar DISCO SATA3DISCO SATA3 - PowerPlanetOnline""",False,,True,"The lookup record is a specific type of Secure Digital (SD) card, while all potential matches are different types of memory modules or storage devices. There are no matches that share the same entity type or significant keywords related to the lookup record. Therefore, there are no same entities or ranked matches."
" ""SanDisk SDSDJ-1024 BXP 1GB 9p SD Class 2 Secure Digital Card Bulk RFB"""," ""DH0072BALWL HP 72-GB 3G 15K 2.5 DP SAS"" ""Null""",False,,True,"The lookup record is a specific type of Secure Digital (SD) card, while all potential matches are different types of memory modules or storage devices. There are no matches that share the same entity type or significant keywords related to the lookup record. Therefore, there are no same entities or ranked matches."
" ""SanDisk SDSDJ-1024 BXP 1GB 9p SD Class 2 Secure Digital Card Bulk RFB"""," ""Corsair Vengeance LPX CMK64GX4M4A2666C16 - Prijzen ""@NL Tweakers""@NL",False,,True,"The lookup record is a specific type of Secure Digital (SD) card, while all potential matches are different types of memory modules or storage devices. There are no matches that share the same entity type or significant keywords related to the lookup record. Therefore, there are no same entities or ranked matches."
" ""DISCO DURO INTERNO SOLIDO HDD SSD KINGSTON V300 120GB 2.5"" SATA 600""@es 600 - Inusnet.com Inside-Pc Baza""@es"," ""DISCO DURO SSD Kingston Technology SSDNow V300 120GB SATA3"" ""Comprar DISCO SATA3DISCO SATA3 - PowerPlanetOnline""",True,1,True,"Match #0 is the only potential match that closely resembles the lookup record, as it contains the same brand (Kingston), product type (SSD), and capacity (120GB). The other matches (#1, #2, #3, #4) are unrelated products, either in different categories (memory modules) or different brands and specifications."
" ""DISCO DURO INTERNO SOLIDO HDD SSD KINGSTON V300 120GB 2.5"" SATA 600""@es 600 - Inusnet.com Inside-Pc Baza""@es"," ""Corsair - Vengeance LPX 32GB (2 x 16GB) DDR4-3000 Memory"" Memory (CMK32GX4M2B3000C15) PCPartPicker""",False,2,True,"Match #0 is the only potential match that closely resembles the lookup record, as it contains the same brand (Kingston), product type (SSD), and capacity (120GB). The other matches (#1, #2, #3, #4) are unrelated products, either in different categories (memory modules) or different brands and specifications."
" ""DISCO DURO INTERNO SOLIDO HDD SSD KINGSTON V300 120GB 2.5"" SATA 600""@es 600 - Inusnet.com Inside-Pc Baza""@es"," ""397409-B21 HP 1GB (2x512MB) PC2-5300 SDRAM"" ""Null""",False,3,True,"Match #0 is the only potential match that closely resembles the lookup record, as it contains the same brand (Kingston), product type (SSD), and capacity (120GB). The other matches (#1, #2, #3, #4) are unrelated products, either in different categories (memory modules) or different brands and specifications."
" ""DISCO DURO INTERNO SOLIDO HDD SSD KINGSTON V300 120GB 2.5"" SATA 600""@es 600 - Inusnet.com Inside-Pc Baza""@es"," ""DH0072BALWL HP 72-GB 3G 15K 2.5 DP SAS"" ""Null""",False,4,True,"Match #0 is the only potential match that closely resembles the lookup record, as it contains the same brand (Kingston), product type (SSD), and capacity (120GB). The other matches (#1, #2, #3, #4) are unrelated products, either in different categories (memory modules) or different brands and specifications."
" ""DISCO DURO INTERNO SOLIDO HDD SSD KINGSTON V300 120GB 2.5"" SATA 600""@es 600 - Inusnet.com Inside-Pc Baza""@es"," ""Corsair Vengeance LPX CMK64GX4M4A2666C16 - Prijzen ""@NL Tweakers""@NL",False,5,True,"Match #0 is the only potential match that closely resembles the lookup record, as it contains the same brand (Kingston), product type (SSD), and capacity (120GB). The other matches (#1, #2, #3, #4) are unrelated products, either in different categories (memory modules) or different brands and specifications."
" ""Corsair Vengeance LED 32GB (2 x 16GB) DDR4 DRAM 3000MHz C15 Memory Kit - Red LED""@en MyNeXTComOnline""@en"," ""Corsair - Vengeance LPX 32GB (2 x 16GB) DDR4-3000 Memory"" Memory (CMK32GX4M2B3000C15) PCPartPicker""",True,1,True,"Match #0 is the only potential match that closely resembles the lookup record in terms of brand (Corsair), product type (Vengeance), and specifications (32GB DDR4 3000MHz). Match #1 is somewhat related but has a different model and speed (2666MHz). Matches #2, #3, and #4 are unrelated products, making them less relevant."
" ""Corsair Vengeance LED 32GB (2 x 16GB) DDR4 DRAM 3000MHz C15 Memory Kit - Red LED""@en MyNeXTComOnline""@en"," ""Corsair Vengeance LPX CMK64GX4M4A2666C16 - Prijzen ""@NL Tweakers""@NL",False,2,True,"Match #0 is the only potential match that closely resembles the lookup record in terms of brand (Corsair), product type (Vengeance), and specifications (32GB DDR4 3000MHz). Match #1 is somewhat related but has a different model and speed (2666MHz). Matches #2, #3, and #4 are unrelated products, making them less relevant."
" ""Corsair Vengeance LED 32GB (2 x 16GB) DDR4 DRAM 3000MHz C15 Memory Kit - Red LED""@en MyNeXTComOnline""@en"," ""DISCO DURO SSD Kingston Technology SSDNow V300 120GB SATA3"" ""Comprar DISCO SATA3DISCO SATA3 - PowerPlanetOnline""",False,3,True,"Match #0 is the only potential match that closely resembles the lookup record in terms of brand (Corsair), product type (Vengeance), and specifications (32GB DDR4 3000MHz). Match #1 is somewhat related but has a different model and speed (2666MHz). Matches #2, #3, and #4 are unrelated products, making them less relevant."
" ""Corsair Vengeance LED 32GB (2 x 16GB) DDR4 DRAM 3000MHz C15 Memory Kit - Red LED""@en MyNeXTComOnline""@en"," ""397409-B21 HP 1GB (2x512MB) PC2-5300 SDRAM"" ""Null""",False,4,True,"Match #0 is the only potential match that closely resembles the lookup record in terms of brand (Corsair), product type (Vengeance), and specifications (32GB DDR4 3000MHz). Match #1 is somewhat related but has a different model and speed (2666MHz). Matches #2, #3, and #4 are unrelated products, making them less relevant."
" ""Corsair Vengeance LED 32GB (2 x 16GB) DDR4 DRAM 3000MHz C15 Memory Kit - Red LED""@en MyNeXTComOnline""@en"," ""DH0072BALWL HP 72-GB 3G 15K 2.5 DP SAS"" ""Null""",False,5,True,"Match #0 is the only potential match that closely resembles the lookup record in terms of brand (Corsair), product type (Vengeance), and specifications (32GB DDR4 3000MHz). Match #1 is somewhat related but has a different model and speed (2666MHz). Matches #2, #3, and #4 are unrelated products, making them less relevant."
